Employee Key,WWI Employee ID,Employee,Preferred Name,Is Salesperson,Photo,Valid From,Valid To,Lineage Key
0,0,Unknown,N/A,0,NULL,1/1/2013 0:00,12/31/2099 23:59,0
993,7,Amy Trefl,Amy,1,NULL,1/1/2013 0:00,9/23/2020 8:00,63
994,7,Amy Trefl,Amy,1,NULL,9/23/2020 8:00,12/31/2099 23:59,63
995,15,Taj Shand,Taj,1,NULL,1/1/2013 0:00,6/30/2020 23:14,63
996,15,Taj Shand,Taj,1,NULL,6/30/2020 23:14,12/31/2099 23:59,63
997,19,Jai Shand,Jai,0,NULL,1/1/2013 0:00,7/19/2020 8:00,63
998,19,Jai Shand,Jai,0,NULL,7/19/2020 8:00,12/31/2099 23:59,63
999,4,Isabella Rupp,Isabella,0,NULL,1/1/2013 0:00,6/30/2020 23:14,63
1000,4,Isabella Rupp,Isabella,0,NULL,6/30/2020 23:14,12/31/2099 23:59,63
1001,8,Anthony Grosse,Anthony,1,NULL,1/1/2013 0:00,6/30/2020 23:14,63
1002,8,Anthony Grosse,Anthony,1,NULL,6/30/2020 23:14,12/31/2099 23:59,63
1003,10,Stella Rosenhain,Stella,0,NULL,1/1/2013 0:00,6/30/2020 23:14,63
1004,10,Stella Rosenhain,Stella,0,NULL,6/30/2020 23:14,12/31/2099 23:59,63
1005,13,Hudson Hollinworth,Hudson,1,NULL,1/1/2013 0:00,6/30/2020 23:14,63
1006,13,Hudson Hollinworth,Hudson,1,NULL,6/30/2020 23:14,12/31/2099 23:59,63
1007,2,Kayla Woodcock,Kayla,1,NULL,1/1/2013 0:00,6/30/2020 23:14,63
1008,2,Kayla Woodcock,Kayla,1,NULL,6/30/2020 23:14,12/31/2099 23:59,63
1009,3,Hudson Onslow,Hudson,1,NULL,1/1/2013 0:00,6/30/2020 23:14,63
1010,3,Hudson Onslow,Hudson,1,NULL,6/30/2020 23:14,12/31/2099 23:59,63
1011,5,Eva Muirden,Eva,0,NULL,1/1/2013 0:00,6/30/2020 23:14,63
1012,5,Eva Muirden,Eva,0,NULL,6/30/2020 23:14,12/31/2099 23:59,63
1013,6,Sophia Hinton,Sophia,1,NULL,1/1/2013 0:00,10/25/2020 8:00,63
1014,6,Sophia Hinton,Sophia,1,NULL,10/25/2020 8:00,12/31/2099 23:59,63
1015,9,Alica Fatnowna,Alica,0,NULL,1/1/2013 0:00,6/30/2020 23:14,63
1016,9,Alica Fatnowna,Alica,0,NULL,6/30/2020 23:14,12/31/2099 23:59,63
1017,11,Ethan Onslow,Ethan,0,NULL,1/1/2013 0:00,6/30/2020 23:14,63
1018,11,Ethan Onslow,Ethan,0,NULL,6/30/2020 23:14,12/31/2099 23:59,63
1019,12,Henry Forlonge,Henry,0,NULL,1/1/2013 0:00,6/30/2020 23:14,63
1020,12,Henry Forlonge,Henry,0,NULL,6/30/2020 23:14,12/31/2099 23:59,63
1021,14,Lily Code,Lily,1,NULL,1/1/2013 0:00,6/30/2020 23:14,63
1022,14,Lily Code,Lily,1,NULL,6/30/2020 23:14,12/31/2099 23:59,63
1023,16,Archer Lamble,Archer,1,NULL,1/1/2013 0:00,6/30/2020 23:14,63
1024,16,Archer Lamble,Archer,1,NULL,6/30/2020 23:14,12/31/2099 23:59,63
1025,17,Piper Koch,Piper,0,NULL,1/1/2013 0:00,6/30/2020 23:14,63
1026,17,Piper Koch,Piper,0,NULL,6/30/2020 23:14,12/31/2099 23:59,63
1027,18,Katie Darwin,Katie,0,NULL,1/1/2013 0:00,6/30/2020 23:14,63
1028,18,Katie Darwin,Katie,0,NULL,6/30/2020 23:14,12/31/2099 23:59,63
1029,20,Jack Potter,Jack,1,NULL,1/1/2013 0:00,6/30/2020 23:14,63
1030,20,Jack Potter,Jack,1,NULL,6/30/2020 23:14,12/31/2099 23:59,63
