Customer Key,WWI Customer ID,Customer,Bill To Customer,Category,Buying Group,Primary Contact,Postal Code,Valid From,Valid To,Lineage Key
0,0,Unknown,N/A,N/A,N/A,N/A,N/A,1/1/2013 0:00,12/31/2099 23:59,0
1207,432,"Wingtip Toys (Vamo, FL)",Wingtip Toys (Head Office),Novelty Shop,Wingtip Toys,Bay Ly,90333,1/1/2013 0:00,12/31/2099 23:59,62
1208,23,"Tailspin Toys (Ikatan, AK)",Tailspin Toys (Head Office),Novelty Shop,Tailspin Toys,Hang Tang,90019,1/1/2013 0:00,12/31/2099 23:59,62
1209,66,"Tailspin Toys (Madaket, MA)",Tailspin Toys (Head Office),Novelty Shop,Tailspin Toys,Bao Dao,90614,1/1/2013 0:00,12/31/2099 23:59,62
1210,76,"Tailspin Toys (Yewed, OK)",Tailspin Toys (Head Office),Novelty Shop,Tailspin Toys,Lata Babu,90308,1/1/2013 0:00,12/31/2099 23:59,62
1211,95,"Tailspin Toys (Lavon, TX)",Tailspin Toys (Head Office),Novelty Shop,Tailspin Toys,Alba Ponce,90310,1/1/2013 0:00,12/31/2099 23:59,62
1212,414,"Wingtip Toys (Rose Tree, PA)",Wingtip Toys (Head Office),Novelty Shop,Wingtip Toys,Lan Chu,90710,1/1/2013 0:00,12/31/2099 23:59,62
1213,416,"Wingtip Toys (Necedah, WI)",Wingtip Toys (Head Office),Novelty Shop,Wingtip Toys,Irene Sepp,90049,1/1/2013 0:00,12/31/2099 23:59,62
1214,422,"Wingtip Toys (Naches, WA)",Wingtip Toys (Head Office),Novelty Shop,Wingtip Toys,Rohan Das,90729,1/1/2013 0:00,12/31/2099 23:59,62
1215,429,"Wingtip Toys (Lilbourn, MO)",Wingtip Toys (Head Office),Novelty Shop,Wingtip Toys,Fabio Pena,90025,1/1/2013 0:00,12/31/2099 23:59,62
1216,437,"Wingtip Toys (Cadogan, PA)",Wingtip Toys (Head Office),Novelty Shop,Wingtip Toys,Vanja Grgic,90357,1/1/2013 0:00,12/31/2099 23:59,62
1217,440,"Wingtip Toys (Asher, OK)",Wingtip Toys (Head Office),Novelty Shop,Wingtip Toys,Kadir Usenuly,90683,1/1/2013 0:00,12/31/2099 23:59,62
1218,443,"Wingtip Toys (Berville, MI)",Wingtip Toys (Head Office),Novelty Shop,Wingtip Toys,Lien Banh,90628,1/1/2013 0:00,12/31/2099 23:59,62
1219,445,"Wingtip Toys (Dacono, CO)",Wingtip Toys (Head Office),Novelty Shop,Wingtip Toys,An Dung Ngo,90289,1/1/2013 0:00,12/31/2099 23:59,62
1220,458,"Wingtip Toys (Coker, AL)",Wingtip Toys (Head Office),Novelty Shop,Wingtip Toys,Miguel Paez,90364,1/1/2013 0:00,12/31/2099 23:59,62
1221,466,"Wingtip Toys (Lytle, TX)",Wingtip Toys (Head Office),Novelty Shop,Wingtip Toys,Sintja Buecek,90706,1/1/2013 0:00,12/31/2099 23:59,62
1222,468,"Wingtip Toys (Sunburg, MN)",Wingtip Toys (Head Office),Novelty Shop,Wingtip Toys,Linda Green,90477,1/1/2013 0:00,12/31/2099 23:59,62
1223,475,"Wingtip Toys (Cale, AR)",Wingtip Toys (Head Office),Novelty Shop,Wingtip Toys,Ava Edden,90643,1/1/2013 0:00,12/31/2099 23:59,62
1224,479,"Wingtip Toys (Mier, IN)",Wingtip Toys (Head Office),Novelty Shop,Wingtip Toys,Irma Kruze,90474,1/1/2013 0:00,12/31/2099 23:59,62
1225,484,"Wingtip Toys (Mauldin, SC)",Wingtip Toys (Head Office),Novelty Shop,Wingtip Toys,Am Lo,90243,1/1/2013 0:00,12/31/2099 23:59,62
1226,487,"Wingtip Toys (Elverson, PA)",Wingtip Toys (Head Office),Novelty Shop,Wingtip Toys,Jan Zeman,90147,1/1/2013 0:00,12/31/2099 23:59,62
1227,490,"Wingtip Toys (Beals, ME)",Wingtip Toys (Head Office),Novelty Shop,Wingtip Toys,Basak Tekin,90772,1/1/2013 0:00,12/31/2099 23:59,62
1228,498,"Wingtip Toys (Obetz, OH)",Wingtip Toys (Head Office),Novelty Shop,Wingtip Toys,Devi Dewangan,90143,1/1/2013 0:00,12/31/2099 23:59,62
1229,500,"Wingtip Toys (Obion, TN)",Wingtip Toys (Head Office),Novelty Shop,Wingtip Toys,Bipin Modi,90451,1/1/2013 0:00,12/31/2099 23:59,62
1230,514,"Wingtip Toys (Gilford, NH)",Wingtip Toys (Head Office),Novelty Shop,Wingtip Toys,Anda Liepa,90418,1/1/2013 0:00,12/31/2099 23:59,62
1231,518,"Wingtip Toys (Raton, NM)",Wingtip Toys (Head Office),Novelty Shop,Wingtip Toys,Padma Iyer,90687,1/1/2013 0:00,12/31/2099 23:59,62
1232,519,"Wingtip Toys (Boynton, OK)",Wingtip Toys (Head Office),Novelty Shop,Wingtip Toys,Åšani Sen,90760,1/1/2013 0:00,12/31/2099 23:59,62
1233,537,"Wingtip Toys (Akhiok, AK)",Wingtip Toys (Head Office),Novelty Shop,Wingtip Toys,Deepesh Bose,90197,1/1/2013 0:00,12/31/2099 23:59,62
1234,539,"Wingtip Toys (Nuangola, PA)",Wingtip Toys (Head Office),Novelty Shop,Wingtip Toys,Bich Banh,90156,1/1/2013 0:00,12/31/2099 23:59,62
1235,540,"Wingtip Toys (Weld, ME)",Wingtip Toys (Head Office),Novelty Shop,Wingtip Toys,Åšani Nair,90031,1/1/2013 0:00,12/31/2099 23:59,62
1236,552,"Wingtip Toys (Shay, PA)",Wingtip Toys (Head Office),Novelty Shop,Wingtip Toys,Noel Cartier,90759,1/1/2013 0:00,12/31/2099 23:59,62
1237,565,"Wingtip Toys (Wapiti, WY)",Wingtip Toys (Head Office),Novelty Shop,Wingtip Toys,Mark Ruutel,90344,1/1/2013 0:00,12/31/2099 23:59,62
1238,571,"Wingtip Toys (Pawlet, VT)",Wingtip Toys (Head Office),Novelty Shop,Wingtip Toys,Dana Mrazova,90472,1/1/2013 0:00,12/31/2099 23:59,62
1239,587,"Wingtip Toys (Plata, TX)",Wingtip Toys (Head Office),Novelty Shop,Wingtip Toys,Daniela Sal,90374,1/1/2013 0:00,12/31/2099 23:59,62
1240,591,"Wingtip Toys (Idaho City, ID)",Wingtip Toys (Head Office),Novelty Shop,Wingtip Toys,Hoc Le,90426,1/1/2013 0:00,12/31/2099 23:59,62
1241,600,"Wingtip Toys (Caro, MI)",Wingtip Toys (Head Office),Novelty Shop,Wingtip Toys,Ljubomir Nesic,90043,1/1/2013 0:00,12/31/2099 23:59,62
1242,4,"Tailspin Toys (Medicine Lodge, KS)",Tailspin Toys (Head Office),Novelty Shop,Tailspin Toys,Daniel Roman,90152,1/1/2013 0:00,12/31/2099 23:59,62
1243,10,"Tailspin Toys (Wimbledon, ND)",Tailspin Toys (Head Office),Novelty Shop,Tailspin Toys,Siddhartha Parkar,90061,1/1/2013 0:00,12/31/2099 23:59,62
1244,13,"Tailspin Toys (Stonefort, IL)",Tailspin Toys (Head Office),Novelty Shop,Tailspin Toys,Razeena Hosseini,90685,1/1/2013 0:00,12/31/2099 23:59,62
1245,14,"Tailspin Toys (Long Meadow, MD)",Tailspin Toys (Head Office),Novelty Shop,Tailspin Toys,Tereza Valentova,90633,1/1/2013 0:00,12/31/2099 23:59,62
1246,16,"Tailspin Toys (Coney Island, MO)",Tailspin Toys (Head Office),Novelty Shop,Tailspin Toys,Nitin Matondkar,90467,1/1/2013 0:00,12/31/2099 23:59,62
1247,17,"Tailspin Toys (East Fultonham, OH)",Tailspin Toys (Head Office),Novelty Shop,Tailspin Toys,Adam Kubat,90416,1/1/2013 0:00,12/31/2099 23:59,62
1248,18,"Tailspin Toys (Goffstown, NH)",Tailspin Toys (Head Office),Novelty Shop,Tailspin Toys,Isabelle Vodlan,90321,1/1/2013 0:00,12/31/2099 23:59,62
1249,19,"Tailspin Toys (Lemeta, AK)",Tailspin Toys (Head Office),Novelty Shop,Tailspin Toys,Mithun Bhattacharya,90303,1/1/2013 0:00,12/31/2099 23:59,62
1250,22,"Tailspin Toys (Ward Ridge, FL)",Tailspin Toys (Head Office),Novelty Shop,Tailspin Toys,Cristina Longo,90784,1/1/2013 0:00,12/31/2099 23:59,62
1251,24,"Tailspin Toys (Dundarrach, NC)",Tailspin Toys (Head Office),Novelty Shop,Tailspin Toys,Intira Mookjai,90758,1/1/2013 0:00,12/31/2099 23:59,62
1252,28,"Tailspin Toys (North Ridge, NY)",Tailspin Toys (Head Office),Novelty Shop,Tailspin Toys,Tatjana Utjesenovic,90024,1/1/2013 0:00,12/31/2099 23:59,62
1253,30,"Tailspin Toys (Koontzville, WA)",Tailspin Toys (Head Office),Novelty Shop,Tailspin Toys,Odessa Schneider,90288,1/1/2013 0:00,12/31/2099 23:59,62
1254,31,"Tailspin Toys (Lake Stevens, WA)",Tailspin Toys (Head Office),Novelty Shop,Tailspin Toys,Kimberly Pace,90394,1/1/2013 0:00,12/31/2099 23:59,62
1255,34,"Tailspin Toys (Dallardsville, TX)",Tailspin Toys (Head Office),Novelty Shop,Tailspin Toys,Anjali Asthana,90041,1/1/2013 0:00,12/31/2099 23:59,62
1256,38,"Tailspin Toys (Airport Drive, MO)",Tailspin Toys (Head Office),Novelty Shop,Tailspin Toys,Nils Kalnins,90211,1/1/2013 0:00,12/31/2099 23:59,62
1257,42,"Tailspin Toys (Arietta, NY)",Tailspin Toys (Head Office),Novelty Shop,Tailspin Toys,Chandrakanta Raut,90124,1/1/2013 0:00,12/31/2099 23:59,62
1258,43,"Tailspin Toys (Upper Preston, WA)",Tailspin Toys (Head Office),Novelty Shop,Tailspin Toys,Ganapati Gadiyaram,90687,1/1/2013 0:00,12/31/2099 23:59,62
1259,44,"Tailspin Toys (Amanda Park, WA)",Tailspin Toys (Head Office),Novelty Shop,Tailspin Toys,Adrijana Blagojevic,90258,1/1/2013 0:00,12/31/2099 23:59,62
1260,47,"Tailspin Toys (Lake Hughes, CA)",Tailspin Toys (Head Office),Novelty Shop,Tailspin Toys,Serhat Akbulut,90358,1/1/2013 0:00,12/31/2099 23:59,62
1261,48,"Tailspin Toys (Trentwood, WA)",Tailspin Toys (Head Office),Novelty Shop,Tailspin Toys,Daniela Barrios,90615,1/1/2013 0:00,12/31/2099 23:59,62
1262,50,"Tailspin Toys (Hambleton, WV)",Tailspin Toys (Head Office),Novelty Shop,Tailspin Toys,Marcela Jankova,90087,1/1/2013 0:00,12/31/2099 23:59,62
1263,58,"Tailspin Toys (Mappsburg, VA)",Tailspin Toys (Head Office),Novelty Shop,Tailspin Toys,Pratap Varghese,90678,1/1/2013 0:00,12/31/2099 23:59,62
1264,59,"Tailspin Toys (Edgartown, MA)",Tailspin Toys (Head Office),Novelty Shop,Tailspin Toys,Margita Kopecka,90684,1/1/2013 0:00,12/31/2099 23:59,62
1265,62,"Tailspin Toys (Great Neck Estates, NY)",Tailspin Toys (Head Office),Novelty Shop,Tailspin Toys,Alida Caune,90240,1/1/2013 0:00,12/31/2099 23:59,62
1266,63,"Tailspin Toys (Stallion Springs, CA)",Tailspin Toys (Head Office),Novelty Shop,Tailspin Toys,Agnes Szolosy,90076,1/1/2013 0:00,12/31/2099 23:59,62
1267,65,"Tailspin Toys (North Cowden, TX)",Tailspin Toys (Head Office),Novelty Shop,Tailspin Toys,Hanuman Dubey,90406,1/1/2013 0:00,12/31/2099 23:59,62
1268,67,"Tailspin Toys (Sentinel Butte, ND)",Tailspin Toys (Head Office),Novelty Shop,Tailspin Toys,Preyakshna Aluri,90422,1/1/2013 0:00,12/31/2099 23:59,62
1269,69,"Tailspin Toys (Lytle Creek, CA)",Tailspin Toys (Head Office),Novelty Shop,Tailspin Toys,Theodore Saucier,90795,1/1/2013 0:00,12/31/2099 23:59,62
1270,75,"Tailspin Toys (Windsor Locks, CT)",Tailspin Toys (Head Office),Novelty Shop,Tailspin Toys,Vlasta Srbova,90456,1/1/2013 0:00,12/31/2099 23:59,62
1271,86,"Tailspin Toys (New Lexington, OH)",Tailspin Toys (Head Office),Novelty Shop,Tailspin Toys,Andrea Ricci,90637,1/1/2013 0:00,12/31/2099 23:59,62
1272,87,"Tailspin Toys (Sauquoit, NY)",Tailspin Toys (Head Office),Novelty Shop,Tailspin Toys,Isabell  Duperre,90199,1/1/2013 0:00,12/31/2099 23:59,62
1273,88,"Tailspin Toys (Dracut, MA)",Tailspin Toys (Head Office),Novelty Shop,Tailspin Toys,Amarendra Ankitham,90519,1/1/2013 0:00,12/31/2099 23:59,62
1274,89,"Tailspin Toys (Victory Gardens, NJ)",Tailspin Toys (Head Office),Novelty Shop,Tailspin Toys,Aakarsha Nookala,90461,1/1/2013 0:00,12/31/2099 23:59,62
1275,94,"Tailspin Toys (Cheyenne Wells, CO)",Tailspin Toys (Head Office),Novelty Shop,Tailspin Toys,Teresa Pisani,90449,1/1/2013 0:00,12/31/2099 23:59,62
1276,96,"Tailspin Toys (South La Paloma, TX)",Tailspin Toys (Head Office),Novelty Shop,Tailspin Toys,Piper Leigh,90792,1/1/2013 0:00,12/31/2099 23:59,62
1277,97,"Tailspin Toys (Manchester Center, VT)",Tailspin Toys (Head Office),Novelty Shop,Tailspin Toys,Karie Seymour,90179,1/1/2013 0:00,12/31/2099 23:59,62
1278,100,"Tailspin Toys (Tunnelhill, PA)",Tailspin Toys (Head Office),Novelty Shop,Tailspin Toys,Bhavani Bhowmick,90788,1/1/2013 0:00,12/31/2099 23:59,62
1279,112,"Tailspin Toys (Sallyards, KS)",Tailspin Toys (Head Office),Novelty Shop,Tailspin Toys,Ingrida Celmina,90706,1/1/2013 0:00,12/31/2099 23:59,62
1280,114,"Tailspin Toys (Cherry Grove Beach, SC)",Tailspin Toys (Head Office),Novelty Shop,Tailspin Toys,Duck-Hwan Bae,90146,1/1/2013 0:00,12/31/2099 23:59,62
1281,115,"Tailspin Toys (Bethania, NC)",Tailspin Toys (Head Office),Novelty Shop,Tailspin Toys,Jagoda Vasiljevic,90368,1/1/2013 0:00,12/31/2099 23:59,62
1282,118,"Tailspin Toys (Vassalboro, ME)",Tailspin Toys (Head Office),Novelty Shop,Tailspin Toys,Ileana Aguilar,90546,1/1/2013 0:00,12/31/2099 23:59,62
1283,119,"Tailspin Toys (Statenville, GA)",Tailspin Toys (Head Office),Novelty Shop,Tailspin Toys,Tjasa Weitzer,90504,1/1/2013 0:00,12/31/2099 23:59,62
1284,120,"Tailspin Toys (Bratenahl, OH)",Tailspin Toys (Head Office),Novelty Shop,Tailspin Toys,Lucas Van Veenen,90154,1/1/2013 0:00,12/31/2099 23:59,62
1285,125,"Tailspin Toys (Annamoriah, WV)",Tailspin Toys (Head Office),Novelty Shop,Tailspin Toys,Blanka Stavinohova,90485,1/1/2013 0:00,12/31/2099 23:59,62
1286,126,"Tailspin Toys (Francis Mills, NJ)",Tailspin Toys (Head Office),Novelty Shop,Tailspin Toys,Akanksha Iyengar,90743,1/1/2013 0:00,12/31/2099 23:59,62
1287,127,"Tailspin Toys (Point Roberts, WA)",Tailspin Toys (Head Office),Novelty Shop,Tailspin Toys,Kertu Smirnov,90504,1/1/2013 0:00,12/31/2099 23:59,62
1288,128,"Tailspin Toys (East Portal, CO)",Tailspin Toys (Head Office),Novelty Shop,Tailspin Toys,Jure Grabensek,90432,1/1/2013 0:00,12/31/2099 23:59,62
1289,129,"Tailspin Toys (Mineral Hills, MI)",Tailspin Toys (Head Office),Novelty Shop,Tailspin Toys,Javiera Madera,90442,1/1/2013 0:00,12/31/2099 23:59,62
1290,133,"Tailspin Toys (Lake Erie Beach, NY)",Tailspin Toys (Head Office),Novelty Shop,Tailspin Toys,Aino Kallas,90186,1/1/2013 0:00,12/31/2099 23:59,62
1291,135,"Tailspin Toys (Terre du Lac, MO)",Tailspin Toys (Head Office),Novelty Shop,Tailspin Toys,Gaurav Sikdar,90145,1/1/2013 0:00,12/31/2099 23:59,62
1292,136,"Tailspin Toys (Mount Montgomery, NV)",Tailspin Toys (Head Office),Novelty Shop,Tailspin Toys,Anirban Sen,90302,1/1/2013 0:00,12/31/2099 23:59,62
1293,138,"Tailspin Toys (Navassa, NC)",Tailspin Toys (Head Office),Novelty Shop,Tailspin Toys,Badari Chadalavada,90535,1/1/2013 0:00,12/31/2099 23:59,62
1294,139,"Tailspin Toys (Hardeeville, SC)",Tailspin Toys (Head Office),Novelty Shop,Tailspin Toys,Gabriele Udinesi,90005,1/1/2013 0:00,12/31/2099 23:59,62
1295,143,"Tailspin Toys (Ashtabula, OH)",Tailspin Toys (Head Office),Novelty Shop,Tailspin Toys,Vaclav Polaskova,90119,1/1/2013 0:00,12/31/2099 23:59,62
1296,145,"Tailspin Toys (Manahawkin, NJ)",Tailspin Toys (Head Office),Novelty Shop,Tailspin Toys,Prasong Tuntayakul,90686,1/1/2013 0:00,12/31/2099 23:59,62
1297,148,"Tailspin Toys (Baraboo, WI)",Tailspin Toys (Head Office),Novelty Shop,Tailspin Toys,Marcella Napolitani,90165,1/1/2013 0:00,12/31/2099 23:59,62
1298,149,"Tailspin Toys (Inguadona, MN)",Tailspin Toys (Head Office),Novelty Shop,Tailspin Toys,Femke Hollenberg,90245,1/1/2013 0:00,12/31/2099 23:59,62
1299,152,"Tailspin Toys (Sun River, MT)",Tailspin Toys (Head Office),Novelty Shop,Tailspin Toys,Aleksander Jarvi,90309,1/1/2013 0:00,12/31/2099 23:59,62
1300,155,"Tailspin Toys (Arbor Vitae, WI)",Tailspin Toys (Head Office),Novelty Shop,Tailspin Toys,Michal Polaskova,90333,1/1/2013 0:00,12/31/2099 23:59,62
1301,156,"Tailspin Toys (Hollywood Park, TX)",Tailspin Toys (Head Office),Novelty Shop,Tailspin Toys,Dilara Ayhan,90405,1/1/2013 0:00,12/31/2099 23:59,62
1302,159,"Tailspin Toys (Saint Louis Park, MN)",Tailspin Toys (Head Office),Novelty Shop,Tailspin Toys,Beatrise Bite,90401,1/1/2013 0:00,12/31/2099 23:59,62
1303,161,"Tailspin Toys (Aspen Park, CO)",Tailspin Toys (Head Office),Novelty Shop,Tailspin Toys,Gianguido Lucchesi,90644,1/1/2013 0:00,12/31/2099 23:59,62
1304,166,"Tailspin Toys (McCamey, TX)",Tailspin Toys (Head Office),Novelty Shop,Tailspin Toys,Vlastimil Bohuslav,90434,1/1/2013 0:00,12/31/2099 23:59,62
1305,168,"Tailspin Toys (Seagraves, TX)",Tailspin Toys (Head Office),Novelty Shop,Tailspin Toys,Anindo Mazumdar,90453,1/1/2013 0:00,12/31/2099 23:59,62
1306,170,"Tailspin Toys (Eastchester, NY)",Tailspin Toys (Head Office),Novelty Shop,Tailspin Toys,Daniella Barbosa,90031,1/1/2013 0:00,12/31/2099 23:59,62
1307,171,"Tailspin Toys (Ortley Beach, NJ)",Tailspin Toys (Head Office),Novelty Shop,Tailspin Toys,Raymond Levesque,90179,1/1/2013 0:00,12/31/2099 23:59,62
1308,172,"Tailspin Toys (Madrone, NM)",Tailspin Toys (Head Office),Novelty Shop,Tailspin Toys,Raymond Desforges,90617,1/1/2013 0:00,12/31/2099 23:59,62
1309,173,"Tailspin Toys (Wappingers Falls, NY)",Tailspin Toys (Head Office),Novelty Shop,Tailspin Toys,Raju Atluri,90681,1/1/2013 0:00,12/31/2099 23:59,62
1310,174,"Tailspin Toys (Astor Park, FL)",Tailspin Toys (Head Office),Novelty Shop,Tailspin Toys,Matyas Bohuslav,90179,1/1/2013 0:00,12/31/2099 23:59,62
1311,178,"Tailspin Toys (Armstrong Creek, WI)",Tailspin Toys (Head Office),Novelty Shop,Tailspin Toys,Hyun-Doo Song,90397,1/1/2013 0:00,12/31/2099 23:59,62
1312,182,"Tailspin Toys (Hayes Center, NE)",Tailspin Toys (Head Office),Novelty Shop,Tailspin Toys,Ayberk sahin,90352,1/1/2013 0:00,12/31/2099 23:59,62
1313,184,"Tailspin Toys (South Euclid, OH)",Tailspin Toys (Head Office),Novelty Shop,Tailspin Toys,Lata Khandke,90551,1/1/2013 0:00,12/31/2099 23:59,62
1314,188,"Tailspin Toys (Premont, TX)",Tailspin Toys (Head Office),Novelty Shop,Tailspin Toys,Rachelle Brasseur,90375,1/1/2013 0:00,12/31/2099 23:59,62
1315,189,"Tailspin Toys (Wilkes-Barre, PA)",Tailspin Toys (Head Office),Novelty Shop,Tailspin Toys,Sara Charlton,90766,1/1/2013 0:00,12/31/2099 23:59,62
1316,190,"Tailspin Toys (Teutopolis, IL)",Tailspin Toys (Head Office),Novelty Shop,Tailspin Toys,Ramesh Mukherjee,90591,1/1/2013 0:00,12/31/2099 23:59,62
1317,191,"Tailspin Toys (Orchard Hill, GA)",Tailspin Toys (Head Office),Novelty Shop,Tailspin Toys,Ester Ahmadian,90698,1/1/2013 0:00,12/31/2099 23:59,62
1318,194,"Tailspin Toys (Naples Park, FL)",Tailspin Toys (Head Office),Novelty Shop,Tailspin Toys,Thomas Fischer,90386,1/1/2013 0:00,12/31/2099 23:59,62
1319,198,"Tailspin Toys (Buell, MO)",Tailspin Toys (Head Office),Novelty Shop,Tailspin Toys,Deakshitulu Mokkapati,90113,1/1/2013 0:00,12/31/2099 23:59,62
1320,404,"Wingtip Toys (Penns Creek, PA)",Wingtip Toys (Head Office),Novelty Shop,Wingtip Toys,Duleep Srivastava,90195,1/1/2013 0:00,12/31/2099 23:59,62
1321,408,"Wingtip Toys (Rockwall, TX)",Wingtip Toys (Head Office),Novelty Shop,Wingtip Toys,Bhaagyalakshmi Muppavarapu,90500,1/1/2013 0:00,12/31/2099 23:59,62
1322,412,"Wingtip Toys (Bozeman Hot Springs, MT)",Wingtip Toys (Head Office),Novelty Shop,Wingtip Toys,Chati Ornlamai,90708,1/1/2013 0:00,12/31/2099 23:59,62
1323,415,"Wingtip Toys (Leathersville, GA)",Wingtip Toys (Head Office),Novelty Shop,Wingtip Toys,Maurice English,90402,1/1/2013 0:00,12/31/2099 23:59,62
1324,419,"Wingtip Toys (Compass Lake, FL)",Wingtip Toys (Head Office),Novelty Shop,Wingtip Toys,Gireesh Bhogireddy,90212,1/1/2013 0:00,12/31/2099 23:59,62
1325,423,"Wingtip Toys (Baldwin City, KS)",Wingtip Toys (Head Office),Novelty Shop,Wingtip Toys,Aamdaal Kamasamudram,90351,1/1/2013 0:00,12/31/2099 23:59,62
1326,425,"Wingtip Toys (Bethel Acres, OK)",Wingtip Toys (Head Office),Novelty Shop,Wingtip Toys,Marcello Dellucci,90530,1/1/2013 0:00,12/31/2099 23:59,62
1327,428,"Wingtip Toys (Paw Paw Lake, MI)",Wingtip Toys (Head Office),Novelty Shop,Wingtip Toys,Vinicius Correa,90635,1/1/2013 0:00,12/31/2099 23:59,62
1328,450,"Wingtip Toys (Mount Summit, IN)",Wingtip Toys (Head Office),Novelty Shop,Wingtip Toys,Constanza Laureano,90142,1/1/2013 0:00,12/31/2099 23:59,62
1329,452,"Wingtip Toys (Lake Davis, CA)",Wingtip Toys (Head Office),Novelty Shop,Wingtip Toys,Himadri PrabhupÄda,90719,1/1/2013 0:00,12/31/2099 23:59,62
1330,456,"Wingtip Toys (West Hempstead, NY)",Wingtip Toys (Head Office),Novelty Shop,Wingtip Toys,Subhash Matondkar,90799,1/1/2013 0:00,12/31/2099 23:59,62
1331,457,"Wingtip Toys (Portales, NM)",Wingtip Toys (Head Office),Novelty Shop,Wingtip Toys,Eesvaraavu Ankitham,90304,1/1/2013 0:00,12/31/2099 23:59,62
1332,470,"Wingtip Toys (Universal City, TX)",Wingtip Toys (Head Office),Novelty Shop,Wingtip Toys,Libuse Srbova,90500,1/1/2013 0:00,12/31/2099 23:59,62
1333,471,"Wingtip Toys (Ridgemark, CA)",Wingtip Toys (Head Office),Novelty Shop,Wingtip Toys,Viktorie Stejskalova,90667,1/1/2013 0:00,12/31/2099 23:59,62
1334,485,"Wingtip Toys (Bonner Springs, KS)",Wingtip Toys (Head Office),Novelty Shop,Wingtip Toys,Sophie Van Lier,90715,1/1/2013 0:00,12/31/2099 23:59,62
1335,493,"Wingtip Toys (Federalsburg, MD)",Wingtip Toys (Head Office),Novelty Shop,Wingtip Toys,Yavuz Cetinkaya,90373,1/1/2013 0:00,12/31/2099 23:59,62
1336,494,"Wingtip Toys (Pikeview, CO)",Wingtip Toys (Head Office),Novelty Shop,Wingtip Toys,Sirirat Kongpaisarn,90478,1/1/2013 0:00,12/31/2099 23:59,62
1337,504,"Wingtip Toys (Cape Neddick, ME)",Wingtip Toys (Head Office),Novelty Shop,Wingtip Toys,Mariela Weitzer,90296,1/1/2013 0:00,12/31/2099 23:59,62
1338,506,"Wingtip Toys (North Beach Haven, NJ)",Wingtip Toys (Head Office),Novelty Shop,Wingtip Toys,Milica Stojkovic,90311,1/1/2013 0:00,12/31/2099 23:59,62
1339,507,"Wingtip Toys (Downingtown, PA)",Wingtip Toys (Head Office),Novelty Shop,Wingtip Toys,Natalie Horackova,90133,1/1/2013 0:00,12/31/2099 23:59,62
1340,508,"Wingtip Toys (Branson West, MO)",Wingtip Toys (Head Office),Novelty Shop,Wingtip Toys,Baalaaditya Rallapalli,90016,1/1/2013 0:00,12/31/2099 23:59,62
1341,511,"Wingtip Toys (North Manitou, MI)",Wingtip Toys (Head Office),Novelty Shop,Wingtip Toys,Pracha Nantakarn,90251,1/1/2013 0:00,12/31/2099 23:59,62
1342,515,"Wingtip Toys (Del Valle, TX)",Wingtip Toys (Head Office),Novelty Shop,Wingtip Toys,Jelena Utjesenovic,90612,1/1/2013 0:00,12/31/2099 23:59,62
1343,516,"Wingtip Toys (Harkers Island, NC)",Wingtip Toys (Head Office),Novelty Shop,Wingtip Toys,Adriana Horackova,90175,1/1/2013 0:00,12/31/2099 23:59,62
1344,522,"Wingtip Toys (Dickerson, MD)",Wingtip Toys (Head Office),Novelty Shop,Wingtip Toys,Akshayakeerti Jandhyala,90783,1/1/2013 0:00,12/31/2099 23:59,62
1345,526,"Wingtip Toys (Beekmantown, NY)",Wingtip Toys (Head Office),Novelty Shop,Wingtip Toys,Madelaine  Paulet,90800,1/1/2013 0:00,12/31/2099 23:59,62
1346,530,"Wingtip Toys (East Mountain, TX)",Wingtip Toys (Head Office),Novelty Shop,Wingtip Toys,Sitara Benjaree,90353,1/1/2013 0:00,12/31/2099 23:59,62
1347,532,"Wingtip Toys (Waycross, GA)",Wingtip Toys (Head Office),Novelty Shop,Wingtip Toys,Akhtar Shahrestaani,90743,1/1/2013 0:00,12/31/2099 23:59,62
1348,533,"Wingtip Toys (Nichols Hills, OK)",Wingtip Toys (Head Office),Novelty Shop,Wingtip Toys,Vanita Bhowmick,90128,1/1/2013 0:00,12/31/2099 23:59,62
1349,541,"Wingtip Toys (Mickleton, NJ)",Wingtip Toys (Head Office),Novelty Shop,Wingtip Toys,Angelina Gormanston,90751,1/1/2013 0:00,12/31/2099 23:59,62
1350,542,"Wingtip Toys (Schererville, IN)",Wingtip Toys (Head Office),Novelty Shop,Wingtip Toys,Prasert Supitayaporn,90457,1/1/2013 0:00,12/31/2099 23:59,62
1351,543,"Wingtip Toys (Lexington Heights, MI)",Wingtip Toys (Head Office),Novelty Shop,Wingtip Toys,Abhaya Rambhatla,90067,1/1/2013 0:00,12/31/2099 23:59,62
1352,549,"Wingtip Toys (Lake Ronkonkoma, NY)",Wingtip Toys (Head Office),Novelty Shop,Wingtip Toys,Zala Ibrahimagic,90437,1/1/2013 0:00,12/31/2099 23:59,62
1353,550,"Wingtip Toys (Morrison Bluff, AR)",Wingtip Toys (Head Office),Novelty Shop,Wingtip Toys,Gundega Kundzina,90682,1/1/2013 0:00,12/31/2099 23:59,62
1354,558,"Wingtip Toys (Bourneville, OH)",Wingtip Toys (Head Office),Novelty Shop,Wingtip Toys,Dhaeraemdranaadh Allu,90164,1/1/2013 0:00,12/31/2099 23:59,62
1355,560,"Wingtip Toys (Palmas del Mar, PR)",Wingtip Toys (Head Office),Novelty Shop,Wingtip Toys,Flora Olofsson,90167,1/1/2013 0:00,12/31/2099 23:59,62
1356,573,"Wingtip Toys (Marin City, CA)",Wingtip Toys (Head Office),Novelty Shop,Wingtip Toys,Hemchandra Debnath,90449,1/1/2013 0:00,12/31/2099 23:59,62
1357,575,"Wingtip Toys (Trumansburg, NY)",Wingtip Toys (Head Office),Novelty Shop,Wingtip Toys,Dattaatraeya Tottempudi,90482,1/1/2013 0:00,12/31/2099 23:59,62
1358,576,"Wingtip Toys (Goodings Grove, IL)",Wingtip Toys (Head Office),Novelty Shop,Wingtip Toys,Kahkushan Shakiba,90512,1/1/2013 0:00,12/31/2099 23:59,62
1359,579,"Wingtip Toys (Connoquenessing, PA)",Wingtip Toys (Head Office),Novelty Shop,Wingtip Toys,Dunja Radoncis,90775,1/1/2013 0:00,12/31/2099 23:59,62
1360,580,"Wingtip Toys (Sarversville, PA)",Wingtip Toys (Head Office),Novelty Shop,Wingtip Toys,Darakhshan Javaherian,90201,1/1/2013 0:00,12/31/2099 23:59,62
1361,589,"Wingtip Toys (Alcester, SD)",Wingtip Toys (Head Office),Novelty Shop,Wingtip Toys,Deviprasad PrabhupÄda,90797,1/1/2013 0:00,12/31/2099 23:59,62
1362,599,"Wingtip Toys (Dickworsham, TX)",Wingtip Toys (Head Office),Novelty Shop,Wingtip Toys,Chandni Jandhyala,90704,1/1/2013 0:00,12/31/2099 23:59,62
1363,3,"Tailspin Toys (Peeples Valley, AZ)",Tailspin Toys (Head Office),Novelty Shop,Tailspin Toys,Bhaargav Rambhatla,90205,1/1/2013 0:00,12/31/2099 23:59,62
1364,61,"Tailspin Toys (Fairfield Glade, TN)",Tailspin Toys (Head Office),Novelty Shop,Tailspin Toys,Abhoy PrabhupÄda,90050,1/1/2013 0:00,12/31/2099 23:59,62
1365,110,"Tailspin Toys (North Crows Nest, IN)",Tailspin Toys (Head Office),Novelty Shop,Tailspin Toys,Dinara Saparkyzy,90792,1/1/2013 0:00,12/31/2099 23:59,62
1366,137,"Tailspin Toys (Carbonville, UT)",Tailspin Toys (Head Office),Novelty Shop,Tailspin Toys,Chandrakanta Benjaree,90339,1/1/2013 0:00,12/31/2099 23:59,62
1367,424,"Wingtip Toys (Heartwell, NE)",Wingtip Toys (Head Office),Novelty Shop,Wingtip Toys,Baebeesarasvati Kamasamudram,90298,1/1/2013 0:00,12/31/2099 23:59,62
1368,480,"Wingtip Toys (Wapinitia, OR)",Wingtip Toys (Head Office),Novelty Shop,Wingtip Toys,Dhaeraemdranaadh Pamulaparthi,90173,1/1/2013 0:00,12/31/2099 23:59,62
1369,1,Tailspin Toys (Head Office),Tailspin Toys (Head Office),Novelty Shop,Tailspin Toys,Waldemar Fisar,90410,1/1/2013 0:00,12/31/2099 23:59,62
1370,2,"Tailspin Toys (Sylvanite, MT)",Tailspin Toys (Head Office),Novelty Shop,Tailspin Toys,Lorena Cindric,90216,1/1/2013 0:00,12/31/2099 23:59,62
1371,5,"Tailspin Toys (Gasport, NY)",Tailspin Toys (Head Office),Novelty Shop,Tailspin Toys,Johanna Huiting,90261,1/1/2013 0:00,12/31/2099 23:59,62
1372,6,"Tailspin Toys (Jessie, ND)",Tailspin Toys (Head Office),Novelty Shop,Tailspin Toys,Biswajeet Thakur,90298,1/1/2013 0:00,12/31/2099 23:59,62
1373,7,"Tailspin Toys (Frankewing, TN)",Tailspin Toys (Head Office),Novelty Shop,Tailspin Toys,Kalidas Nadar,90761,1/1/2013 0:00,12/31/2099 23:59,62
1374,8,"Tailspin Toys (Bow Mar, CO)",Tailspin Toys (Head Office),Novelty Shop,Tailspin Toys,Kanti Kotadia,90484,1/1/2013 0:00,12/31/2099 23:59,62
1375,9,"Tailspin Toys (Netcong, NJ)",Tailspin Toys (Head Office),Novelty Shop,Tailspin Toys,Sointu Aalto,90129,1/1/2013 0:00,12/31/2099 23:59,62
1376,11,"Tailspin Toys (Devault, PA)",Tailspin Toys (Head Office),Novelty Shop,Tailspin Toys,Elnaz Javan,90185,1/1/2013 0:00,12/31/2099 23:59,62
1377,12,"Tailspin Toys (Biscay, MN)",Tailspin Toys (Head Office),Novelty Shop,Tailspin Toys,Heloisa Fernandes,90054,1/1/2013 0:00,12/31/2099 23:59,62
1378,15,"Tailspin Toys (Batson, TX)",Tailspin Toys (Head Office),Novelty Shop,Tailspin Toys,Filips Jaunzems,90631,1/1/2013 0:00,12/31/2099 23:59,62
1379,20,"Tailspin Toys (College Place, WA)",Tailspin Toys (Head Office),Novelty Shop,Tailspin Toys,Nghi Hua,90050,1/1/2013 0:00,12/31/2099 23:59,62
1380,21,"Tailspin Toys (Tresckow, PA)",Tailspin Toys (Head Office),Novelty Shop,Tailspin Toys,Duleep Raju,90790,1/1/2013 0:00,12/31/2099 23:59,62
1381,25,"Tailspin Toys (Avenal, CA)",Tailspin Toys (Head Office),Novelty Shop,Tailspin Toys,Sulabha Khalsa,90352,1/1/2013 0:00,12/31/2099 23:59,62
1382,26,"Tailspin Toys (Hedrick, IA)",Tailspin Toys (Head Office),Novelty Shop,Tailspin Toys,Dhanishta Majji,90331,1/1/2013 0:00,12/31/2099 23:59,62
1383,27,"Tailspin Toys (Bowlus, MN)",Tailspin Toys (Head Office),Novelty Shop,Tailspin Toys,Paula Gonzales,90703,1/1/2013 0:00,12/31/2099 23:59,62
1384,29,"Tailspin Toys (Eulaton, AL)",Tailspin Toys (Head Office),Novelty Shop,Tailspin Toys,Karel Hanak,90571,1/1/2013 0:00,12/31/2099 23:59,62
1385,32,"Tailspin Toys (Maypearl, TX)",Tailspin Toys (Head Office),Novelty Shop,Tailspin Toys,Nikolajs Kalejs,90087,1/1/2013 0:00,12/31/2099 23:59,62
1386,33,"Tailspin Toys (Boyden Arbor, SC)",Tailspin Toys (Head Office),Novelty Shop,Tailspin Toys,Haasini Rai,90497,1/1/2013 0:00,12/31/2099 23:59,62
1387,35,"Tailspin Toys (Slanesville, WV)",Tailspin Toys (Head Office),Novelty Shop,Tailspin Toys,Shah Omidi,90601,1/1/2013 0:00,12/31/2099 23:59,62
1388,36,"Tailspin Toys (Ekron, KY)",Tailspin Toys (Head Office),Novelty Shop,Tailspin Toys,Ferhat Celik,90603,1/1/2013 0:00,12/31/2099 23:59,62
1389,37,"Tailspin Toys (Kerby, OR)",Tailspin Toys (Head Office),Novelty Shop,Tailspin Toys,Dayarama Kamei,90686,1/1/2013 0:00,12/31/2099 23:59,62
1390,39,"Tailspin Toys (Diablock, KY)",Tailspin Toys (Head Office),Novelty Shop,Tailspin Toys,Ashish Acharya,90158,1/1/2013 0:00,12/31/2099 23:59,62
1391,40,"Tailspin Toys (Impact, TX)",Tailspin Toys (Head Office),Novelty Shop,Tailspin Toys,Alena Prikrylova,90326,1/1/2013 0:00,12/31/2099 23:59,62
1392,41,"Tailspin Toys (Olivette, MO)",Tailspin Toys (Head Office),Novelty Shop,Tailspin Toys,Lana Rozej,90042,1/1/2013 0:00,12/31/2099 23:59,62
1393,45,"Tailspin Toys (Severna Park, MD)",Tailspin Toys (Head Office),Novelty Shop,Tailspin Toys,Lap Dinh,90326,1/1/2013 0:00,12/31/2099 23:59,62
1394,46,"Tailspin Toys (Jemison, AL)",Tailspin Toys (Head Office),Novelty Shop,Tailspin Toys,Didem ozCelik,90683,1/1/2013 0:00,12/31/2099 23:59,62
1395,49,"Tailspin Toys (Muir, MI)",Tailspin Toys (Head Office),Novelty Shop,Tailspin Toys,Julia Slobodova,90717,1/1/2013 0:00,12/31/2099 23:59,62
1396,51,"Tailspin Toys (Imlaystown, NJ)",Tailspin Toys (Head Office),Novelty Shop,Tailspin Toys,Dipali Sonkar,90051,1/1/2013 0:00,12/31/2099 23:59,62
1397,52,"Tailspin Toys (Idria, CA)",Tailspin Toys (Head Office),Novelty Shop,Tailspin Toys,Bansidhar Mitra,90556,1/1/2013 0:00,12/31/2099 23:59,62
1398,53,"Tailspin Toys (Nanafalia, AL)",Tailspin Toys (Head Office),Novelty Shop,Tailspin Toys,Gunnar Persson,90783,1/1/2013 0:00,12/31/2099 23:59,62
1399,54,"Tailspin Toys (Railroad, PA)",Tailspin Toys (Head Office),Novelty Shop,Tailspin Toys,Vitezslav Rehak,90586,1/1/2013 0:00,12/31/2099 23:59,62
1400,55,"Tailspin Toys (Gum Branch, GA)",Tailspin Toys (Head Office),Novelty Shop,Tailspin Toys,Bharat Sikdar,90559,1/1/2013 0:00,12/31/2099 23:59,62
1401,56,"Tailspin Toys (Royal City, WA)",Tailspin Toys (Head Office),Novelty Shop,Tailspin Toys,Juan Bezanson,90398,1/1/2013 0:00,12/31/2099 23:59,62
1402,57,"Tailspin Toys (Lakemore, OH)",Tailspin Toys (Head Office),Novelty Shop,Tailspin Toys,Aile Mae,90347,1/1/2013 0:00,12/31/2099 23:59,62
1403,60,"Tailspin Toys (East Dailey, WV)",Tailspin Toys (Head Office),Novelty Shop,Tailspin Toys,Lekha Mitra,90548,1/1/2013 0:00,12/31/2099 23:59,62
1404,64,"Tailspin Toys (Hodgdon, ME)",Tailspin Toys (Head Office),Novelty Shop,Tailspin Toys,Rohana Kaskar,90673,1/1/2013 0:00,12/31/2099 23:59,62
1405,68,"Tailspin Toys (Gardere, LA)",Tailspin Toys (Head Office),Novelty Shop,Tailspin Toys,Valentina Conti,90136,1/1/2013 0:00,12/31/2099 23:59,62
1406,70,"Tailspin Toys (New Baden, IL)",Tailspin Toys (Head Office),Novelty Shop,Tailspin Toys,Mariana Fierro,90235,1/1/2013 0:00,12/31/2099 23:59,62
1407,71,"Tailspin Toys (Good Hart, MI)",Tailspin Toys (Head Office),Novelty Shop,Tailspin Toys,Afshin Djalili,90466,1/1/2013 0:00,12/31/2099 23:59,62
1408,72,"Tailspin Toys (Cortaro, AZ)",Tailspin Toys (Head Office),Novelty Shop,Tailspin Toys,Bianh Phan,90351,1/1/2013 0:00,12/31/2099 23:59,62
1409,73,"Tailspin Toys (Cokato, MN)",Tailspin Toys (Head Office),Novelty Shop,Tailspin Toys,Koknesis Vitols,90311,1/1/2013 0:00,12/31/2099 23:59,62
1410,74,"Tailspin Toys (Indios, PR)",Tailspin Toys (Head Office),Novelty Shop,Tailspin Toys,Roxane Rastgu,90193,1/1/2013 0:00,12/31/2099 23:59,62
1411,77,"Tailspin Toys (Hahira, GA)",Tailspin Toys (Head Office),Novelty Shop,Tailspin Toys,Airi Vassiljev,90706,1/1/2013 0:00,12/31/2099 23:59,62
1412,78,"Tailspin Toys (Sekiu, WA)",Tailspin Toys (Head Office),Novelty Shop,Tailspin Toys,Duleep Walia,90686,1/1/2013 0:00,12/31/2099 23:59,62
1413,79,"Tailspin Toys (Page City, KS)",Tailspin Toys (Head Office),Novelty Shop,Tailspin Toys,Matyas Macek,90316,1/1/2013 0:00,12/31/2099 23:59,62
1414,80,"Tailspin Toys (Valdese, NC)",Tailspin Toys (Head Office),Novelty Shop,Tailspin Toys,Bharat Ankitham,90541,1/1/2013 0:00,12/31/2099 23:59,62
1415,81,"Tailspin Toys (Big Moose, NY)",Tailspin Toys (Head Office),Novelty Shop,Tailspin Toys,Vera Kubatova,90798,1/1/2013 0:00,12/31/2099 23:59,62
1416,82,"Tailspin Toys (La Cueva, NM)",Tailspin Toys (Head Office),Novelty Shop,Tailspin Toys,Rakesh Nishad,90253,1/1/2013 0:00,12/31/2099 23:59,62
1417,83,"Tailspin Toys (Absecon, NJ)",Tailspin Toys (Head Office),Novelty Shop,Tailspin Toys,Sang Tran,90540,1/1/2013 0:00,12/31/2099 23:59,62
1418,84,"Tailspin Toys (Aceitunas, PR)",Tailspin Toys (Head Office),Novelty Shop,Tailspin Toys,Eekalabya Bose,90213,1/1/2013 0:00,12/31/2099 23:59,62
1419,85,"Tailspin Toys (Andrix, CO)",Tailspin Toys (Head Office),Novelty Shop,Tailspin Toys,Tommy Kilpi,90653,1/1/2013 0:00,12/31/2099 23:59,62
1420,90,"Tailspin Toys (Tolna, ND)",Tailspin Toys (Head Office),Novelty Shop,Tailspin Toys,Stanislav Sedlar,90089,1/1/2013 0:00,12/31/2099 23:59,62
1421,91,"Tailspin Toys (Alstead, NH)",Tailspin Toys (Head Office),Novelty Shop,Tailspin Toys,GokCe Karaca,90073,1/1/2013 0:00,12/31/2099 23:59,62
1422,92,"Tailspin Toys (Sans Souci, SC)",Tailspin Toys (Head Office),Novelty Shop,Tailspin Toys,Coralie Emond,90553,1/1/2013 0:00,12/31/2099 23:59,62
1423,93,"Tailspin Toys (Clewiston, FL)",Tailspin Toys (Head Office),Novelty Shop,Tailspin Toys,Karina Celmina,90354,1/1/2013 0:00,12/31/2099 23:59,62
1424,98,"Tailspin Toys (El Centro, CA)",Tailspin Toys (Head Office),Novelty Shop,Tailspin Toys,Timea Peto,90573,1/1/2013 0:00,12/31/2099 23:59,62
1425,99,"Tailspin Toys (Guin, AL)",Tailspin Toys (Head Office),Novelty Shop,Tailspin Toys,Victoria Ene,90779,1/1/2013 0:00,12/31/2099 23:59,62
1426,101,"Tailspin Toys (Cundiyo, NM)",Tailspin Toys (Head Office),Novelty Shop,Tailspin Toys,Yasmine Berggren,90515,1/1/2013 0:00,12/31/2099 23:59,62
1427,102,"Tailspin Toys (Fieldbrook, CA)",Tailspin Toys (Head Office),Novelty Shop,Tailspin Toys,Tea Koppel,90205,1/1/2013 0:00,12/31/2099 23:59,62
1428,103,"Tailspin Toys (Kalvesta, KS)",Tailspin Toys (Head Office),Novelty Shop,Tailspin Toys,Naseem Radan,90130,1/1/2013 0:00,12/31/2099 23:59,62
1429,104,"Tailspin Toys (Wallagrass, ME)",Tailspin Toys (Head Office),Novelty Shop,Tailspin Toys,Laboni Deb,90579,1/1/2013 0:00,12/31/2099 23:59,62
1430,105,"Tailspin Toys (Tomnolen, MS)",Tailspin Toys (Head Office),Novelty Shop,Tailspin Toys,Sung-Hwan Hwang,90400,1/1/2013 0:00,12/31/2099 23:59,62
1431,106,"Tailspin Toys (Tumacacori, AZ)",Tailspin Toys (Head Office),Novelty Shop,Tailspin Toys,Shiva Pipalia,90662,1/1/2013 0:00,12/31/2099 23:59,62
1432,107,"Tailspin Toys (Glen Avon, CA)",Tailspin Toys (Head Office),Novelty Shop,Tailspin Toys,Karie Mercier,90782,1/1/2013 0:00,12/31/2099 23:59,62
1433,108,"Tailspin Toys (Bernie, MO)",Tailspin Toys (Head Office),Novelty Shop,Tailspin Toys,Bhanu Thota,90045,1/1/2013 0:00,12/31/2099 23:59,62
1434,109,"Tailspin Toys (South Laguna, CA)",Tailspin Toys (Head Office),Novelty Shop,Tailspin Toys,Ae-Cha Joo,90247,1/1/2013 0:00,12/31/2099 23:59,62
1435,111,"Tailspin Toys (Oriole Beach, FL)",Tailspin Toys (Head Office),Novelty Shop,Tailspin Toys,Adam Dvorak,90436,1/1/2013 0:00,12/31/2099 23:59,62
1436,113,"Tailspin Toys (Dahlia, NM)",Tailspin Toys (Head Office),Novelty Shop,Tailspin Toys,Jae-Hwa Jang,90264,1/1/2013 0:00,12/31/2099 23:59,62
1437,116,"Tailspin Toys (Rafael Capó, PR)",Tailspin Toys (Head Office),Novelty Shop,Tailspin Toys,Toma Nastase,90685,1/1/2013 0:00,12/31/2099 23:59,62
1438,117,"Tailspin Toys (Scofield, UT)",Tailspin Toys (Head Office),Novelty Shop,Tailspin Toys,Valerio Cardoso,90237,1/1/2013 0:00,12/31/2099 23:59,62
1439,121,"Tailspin Toys (Elrosa, MN)",Tailspin Toys (Head Office),Novelty Shop,Tailspin Toys,Steven Frasier,90079,1/1/2013 0:00,12/31/2099 23:59,62
1440,122,"Tailspin Toys (McClave, CO)",Tailspin Toys (Head Office),Novelty Shop,Tailspin Toys,Mauri Enestam,90439,1/1/2013 0:00,12/31/2099 23:59,62
1441,123,"Tailspin Toys (Roe Park, NY)",Tailspin Toys (Head Office),Novelty Shop,Tailspin Toys,Ella Zvirbule,90775,1/1/2013 0:00,12/31/2099 23:59,62
1442,124,"Tailspin Toys (Hanoverton, OH)",Tailspin Toys (Head Office),Novelty Shop,Tailspin Toys,Sevim AydÄ±n,90770,1/1/2013 0:00,12/31/2099 23:59,62
1443,130,"Tailspin Toys (Maple Shade, NJ)",Tailspin Toys (Head Office),Novelty Shop,Tailspin Toys,Aija Mottola,90549,1/1/2013 0:00,12/31/2099 23:59,62
1444,131,"Tailspin Toys (Kwethluk, AK)",Tailspin Toys (Head Office),Novelty Shop,Tailspin Toys,Darshan Gupta,90759,1/1/2013 0:00,12/31/2099 23:59,62
1445,132,"Tailspin Toys (Minidoka, ID)",Tailspin Toys (Head Office),Novelty Shop,Tailspin Toys,Akanksha Sarma,90324,1/1/2013 0:00,12/31/2099 23:59,62
1446,134,"Tailspin Toys (Tavares, FL)",Tailspin Toys (Head Office),Novelty Shop,Tailspin Toys,An Dung Phung,90467,1/1/2013 0:00,12/31/2099 23:59,62
1447,140,"Tailspin Toys (Furley, KS)",Tailspin Toys (Head Office),Novelty Shop,Tailspin Toys,Malay PrabhupÄda,90416,1/1/2013 0:00,12/31/2099 23:59,62
1448,141,"Tailspin Toys (Arrow Rock, MO)",Tailspin Toys (Head Office),Novelty Shop,Tailspin Toys,Hedi Koppel,90639,1/1/2013 0:00,12/31/2099 23:59,62
1449,142,"Tailspin Toys (King Cove, AK)",Tailspin Toys (Head Office),Novelty Shop,Tailspin Toys,Denisa Ioveanu,90457,1/1/2013 0:00,12/31/2099 23:59,62
1450,144,"Tailspin Toys (Larose, LA)",Tailspin Toys (Head Office),Novelty Shop,Tailspin Toys,Pramod Nishad,90342,1/1/2013 0:00,12/31/2099 23:59,62
1451,146,"Tailspin Toys (Belgreen, AL)",Tailspin Toys (Head Office),Novelty Shop,Tailspin Toys,Aija Zvaigzne,90735,1/1/2013 0:00,12/31/2099 23:59,62
1452,147,"Tailspin Toys (Fishtail, MT)",Tailspin Toys (Head Office),Novelty Shop,Tailspin Toys,Gilbert Pelland,90432,1/1/2013 0:00,12/31/2099 23:59,62
1453,150,"Tailspin Toys (Corfu, NY)",Tailspin Toys (Head Office),Novelty Shop,Tailspin Toys,Brita Jarvi,90690,1/1/2013 0:00,12/31/2099 23:59,62
1454,151,"Tailspin Toys (Antares, AZ)",Tailspin Toys (Head Office),Novelty Shop,Tailspin Toys,Donato Araujo,90385,1/1/2013 0:00,12/31/2099 23:59,62
1455,153,"Tailspin Toys (Marcell, MN)",Tailspin Toys (Head Office),Novelty Shop,Tailspin Toys,Malati Shenoy,90729,1/1/2013 0:00,12/31/2099 23:59,62
1456,154,"Tailspin Toys (Eden Valley, MN)",Tailspin Toys (Head Office),Novelty Shop,Tailspin Toys,Gui-Hyun Ji,90367,1/1/2013 0:00,12/31/2099 23:59,62
1457,157,"Tailspin Toys (Saks, AL)",Tailspin Toys (Head Office),Novelty Shop,Tailspin Toys,Peter Macias,90362,1/1/2013 0:00,12/31/2099 23:59,62
1458,158,"Tailspin Toys (Donner, LA)",Tailspin Toys (Head Office),Novelty Shop,Tailspin Toys,Kurt Lukes,90567,1/1/2013 0:00,12/31/2099 23:59,62
1459,160,"Tailspin Toys (Crary, ND)",Tailspin Toys (Head Office),Novelty Shop,Tailspin Toys,Bishwanath Ghosh,90248,1/1/2013 0:00,12/31/2099 23:59,62
1460,162,"Tailspin Toys (Glen Park, NY)",Tailspin Toys (Head Office),Novelty Shop,Tailspin Toys,Nu Bach,90026,1/1/2013 0:00,12/31/2099 23:59,62
1461,163,"Tailspin Toys (Panaca, NV)",Tailspin Toys (Head Office),Novelty Shop,Tailspin Toys,Ivonna Ene,90297,1/1/2013 0:00,12/31/2099 23:59,62
1462,164,"Tailspin Toys (Rothsville, PA)",Tailspin Toys (Head Office),Novelty Shop,Tailspin Toys,Ceyhun sahin,90538,1/1/2013 0:00,12/31/2099 23:59,62
1463,165,"Tailspin Toys (Topstone, CT)",Tailspin Toys (Head Office),Novelty Shop,Tailspin Toys,Tian Peng,90675,1/1/2013 0:00,12/31/2099 23:59,62
1464,167,"Tailspin Toys (Rockwall, TX)",Tailspin Toys (Head Office),Novelty Shop,Tailspin Toys,Nejc Vosnik,90294,1/1/2013 0:00,12/31/2099 23:59,62
1465,169,"Tailspin Toys (Sinclair, WY)",Tailspin Toys (Head Office),Novelty Shop,Tailspin Toys,Nils Balodis,90401,1/1/2013 0:00,12/31/2099 23:59,62
1466,175,"Tailspin Toys (San Acacia, NM)",Tailspin Toys (Head Office),Novelty Shop,Tailspin Toys,Julio Correa,90445,1/1/2013 0:00,12/31/2099 23:59,62
1467,176,"Tailspin Toys (Malott, WA)",Tailspin Toys (Head Office),Novelty Shop,Tailspin Toys,Banshari De,90015,1/1/2013 0:00,12/31/2099 23:59,62
1468,177,"Tailspin Toys (Orrtanna, PA)",Tailspin Toys (Head Office),Novelty Shop,Tailspin Toys,Ngai Lam,90008,1/1/2013 0:00,12/31/2099 23:59,62
1469,179,"Tailspin Toys (Hiteman, IA)",Tailspin Toys (Head Office),Novelty Shop,Tailspin Toys,Gabriela Srbova,90212,1/1/2013 0:00,12/31/2099 23:59,62
1470,180,"Tailspin Toys (Caselton, NV)",Tailspin Toys (Head Office),Novelty Shop,Tailspin Toys,Serkan senturk,90747,1/1/2013 0:00,12/31/2099 23:59,62
1471,181,"Tailspin Toys (Heilwood, PA)",Tailspin Toys (Head Office),Novelty Shop,Tailspin Toys,Aahlada Thota,90300,1/1/2013 0:00,12/31/2099 23:59,62
1472,183,"Tailspin Toys (Tierra Verde, FL)",Tailspin Toys (Head Office),Novelty Shop,Tailspin Toys,Kaan Tekin,90195,1/1/2013 0:00,12/31/2099 23:59,62
1473,185,"Tailspin Toys (Vidrine, LA)",Tailspin Toys (Head Office),Novelty Shop,Tailspin Toys,Truman Eder,90272,1/1/2013 0:00,12/31/2099 23:59,62
1474,186,"Tailspin Toys (Placer, OR)",Tailspin Toys (Head Office),Novelty Shop,Tailspin Toys,Lorraine Paulet,90628,1/1/2013 0:00,12/31/2099 23:59,62
1475,187,"Tailspin Toys (Brown City, MI)",Tailspin Toys (Head Office),Novelty Shop,Tailspin Toys,Biplab De,90503,1/1/2013 0:00,12/31/2099 23:59,62
1476,192,"Tailspin Toys (Optimo, NM)",Tailspin Toys (Head Office),Novelty Shop,Tailspin Toys,Daniel Magnusson,90080,1/1/2013 0:00,12/31/2099 23:59,62
1477,193,"Tailspin Toys (Knifley, KY)",Tailspin Toys (Head Office),Novelty Shop,Tailspin Toys,Jack Carpenter,90298,1/1/2013 0:00,12/31/2099 23:59,62
1478,195,"Tailspin Toys (Lesslie, SC)",Tailspin Toys (Head Office),Novelty Shop,Tailspin Toys,Viollette Monty,90771,1/1/2013 0:00,12/31/2099 23:59,62
1479,196,"Tailspin Toys (Howells, NE)",Tailspin Toys (Head Office),Novelty Shop,Tailspin Toys,Alinne Cardoso,90444,1/1/2013 0:00,12/31/2099 23:59,62
1480,197,"Tailspin Toys (Magalia, CA)",Tailspin Toys (Head Office),Novelty Shop,Tailspin Toys,Mani Poddar,90226,1/1/2013 0:00,12/31/2099 23:59,62
1481,199,"Tailspin Toys (Antonito, CO)",Tailspin Toys (Head Office),Novelty Shop,Tailspin Toys,Cezar Pavel,90346,1/1/2013 0:00,12/31/2099 23:59,62
1482,200,"Tailspin Toys (Tooele, UT)",Tailspin Toys (Head Office),Novelty Shop,Tailspin Toys,Fanni Benko,90100,1/1/2013 0:00,12/31/2099 23:59,62
1483,201,"Tailspin Toys (Skyway, WA)",Tailspin Toys (Head Office),Novelty Shop,Tailspin Toys,Brenda Morgan,90588,1/1/2013 0:00,12/31/2099 23:59,62
1484,401,Wingtip Toys (Head Office),Wingtip Toys (Head Office),Novelty Shop,Wingtip Toys,Olga Alexandrova,90625,1/1/2013 0:00,12/31/2099 23:59,62
1485,402,"Wingtip Toys (Black Lick, PA)",Wingtip Toys (Head Office),Novelty Shop,Wingtip Toys,Maris Baltins,90477,1/1/2013 0:00,12/31/2099 23:59,62
1486,403,"Wingtip Toys (Queen Valley, AZ)",Wingtip Toys (Head Office),Novelty Shop,Wingtip Toys,Parsa Reuser,90588,1/1/2013 0:00,12/31/2099 23:59,62
1487,405,"Wingtip Toys (Bourbonnais, IL)",Wingtip Toys (Head Office),Novelty Shop,Wingtip Toys,Miran Nikolic,90582,1/1/2013 0:00,12/31/2099 23:59,62
1488,406,"Wingtip Toys (Tuscaloosa, AL)",Wingtip Toys (Head Office),Novelty Shop,Wingtip Toys,Calin Bojin,90011,1/1/2013 0:00,12/31/2099 23:59,62
1489,407,"Wingtip Toys (Mooringsport, LA)",Wingtip Toys (Head Office),Novelty Shop,Wingtip Toys,Lang Le,90387,1/1/2013 0:00,12/31/2099 23:59,62
1490,409,"Wingtip Toys (Orick, CA)",Wingtip Toys (Head Office),Novelty Shop,Wingtip Toys,Dimitry Nechita,90329,1/1/2013 0:00,12/31/2099 23:59,62
1491,410,"Wingtip Toys (Bernstein, TX)",Wingtip Toys (Head Office),Novelty Shop,Wingtip Toys,Miroslav Kohout,90314,1/1/2013 0:00,12/31/2099 23:59,62
1492,411,"Wingtip Toys (Edmund, WI)",Wingtip Toys (Head Office),Novelty Shop,Wingtip Toys,Fransje Mutlu,90777,1/1/2013 0:00,12/31/2099 23:59,62
1493,413,"Wingtip Toys (Truscott, TX)",Wingtip Toys (Head Office),Novelty Shop,Wingtip Toys,Raine Knihtila,90010,1/1/2013 0:00,12/31/2099 23:59,62
1494,417,"Wingtip Toys (Chetek, WI)",Wingtip Toys (Head Office),Novelty Shop,Wingtip Toys,Chandranath Bose,90193,1/1/2013 0:00,12/31/2099 23:59,62
1495,418,"Wingtip Toys (Yaak, MT)",Wingtip Toys (Head Office),Novelty Shop,Wingtip Toys,Ana Julijana Isa,90284,1/1/2013 0:00,12/31/2099 23:59,62
1496,420,"Wingtip Toys (Herlong, CA)",Wingtip Toys (Head Office),Novelty Shop,Wingtip Toys,Premwadee Atitarn,90358,1/1/2013 0:00,12/31/2099 23:59,62
1497,421,"Wingtip Toys (Highland Home, AL)",Wingtip Toys (Head Office),Novelty Shop,Wingtip Toys,Nishant Patil,90035,1/1/2013 0:00,12/31/2099 23:59,62
1498,426,"Wingtip Toys (Willow Valley, AZ)",Wingtip Toys (Head Office),Novelty Shop,Wingtip Toys,Mee-Kyong Sin,90041,1/1/2013 0:00,12/31/2099 23:59,62
1499,427,"Wingtip Toys (Athol Springs, NY)",Wingtip Toys (Head Office),Novelty Shop,Wingtip Toys,Ivica LuÄic,90285,1/1/2013 0:00,12/31/2099 23:59,62
1500,430,"Wingtip Toys (Lost River, ID)",Wingtip Toys (Head Office),Novelty Shop,Wingtip Toys,Lakshmi Roy,90272,1/1/2013 0:00,12/31/2099 23:59,62
1501,431,"Wingtip Toys (Rosa Sánchez, PR)",Wingtip Toys (Head Office),Novelty Shop,Wingtip Toys,Selma Seppanen,90726,1/1/2013 0:00,12/31/2099 23:59,62
1502,433,"Wingtip Toys (Balko, OK)",Wingtip Toys (Head Office),Novelty Shop,Wingtip Toys,Adirake Saenamuang,90584,1/1/2013 0:00,12/31/2099 23:59,62
1503,434,"Wingtip Toys (Lime Lake, NY)",Wingtip Toys (Head Office),Novelty Shop,Wingtip Toys,Tarja Penttila,90667,1/1/2013 0:00,12/31/2099 23:59,62
1504,435,"Wingtip Toys (Teutopolis, IL)",Wingtip Toys (Head Office),Novelty Shop,Wingtip Toys,Devendranath Huq,90269,1/1/2013 0:00,12/31/2099 23:59,62
1505,436,"Wingtip Toys (Gargatha, VA)",Wingtip Toys (Head Office),Novelty Shop,Wingtip Toys,Enes Olsson,90752,1/1/2013 0:00,12/31/2099 23:59,62
1506,438,"Wingtip Toys (Lucasville, OH)",Wingtip Toys (Head Office),Novelty Shop,Wingtip Toys,Dayaram Mishra,90391,1/1/2013 0:00,12/31/2099 23:59,62
1507,439,"Wingtip Toys (Cylon, WI)",Wingtip Toys (Head Office),Novelty Shop,Wingtip Toys,Mina Omidzadeh,90266,1/1/2013 0:00,12/31/2099 23:59,62
1508,441,"Wingtip Toys (Keosauqua, IA)",Wingtip Toys (Head Office),Novelty Shop,Wingtip Toys,Kajsa Jakobsson,90281,1/1/2013 0:00,12/31/2099 23:59,62
1509,442,"Wingtip Toys (Homer City, PA)",Wingtip Toys (Head Office),Novelty Shop,Wingtip Toys,Rahul Ghate,90713,1/1/2013 0:00,12/31/2099 23:59,62
1510,444,"Wingtip Toys (Tea, SD)",Wingtip Toys (Head Office),Novelty Shop,Wingtip Toys,Divyendu Chakraborty,90641,1/1/2013 0:00,12/31/2099 23:59,62
1511,446,"Wingtip Toys (Saint Landry, LA)",Wingtip Toys (Head Office),Novelty Shop,Wingtip Toys,Chetana Kamath,90033,1/1/2013 0:00,12/31/2099 23:59,62
1512,447,"Wingtip Toys (Coin, IA)",Wingtip Toys (Head Office),Novelty Shop,Wingtip Toys,Premwadee Saowaluk,90458,1/1/2013 0:00,12/31/2099 23:59,62
1513,448,"Wingtip Toys (Salt Wells, NV)",Wingtip Toys (Head Office),Novelty Shop,Wingtip Toys,Jae-Hwa Min,90058,1/1/2013 0:00,12/31/2099 23:59,62
1514,449,"Wingtip Toys (Delray, WV)",Wingtip Toys (Head Office),Novelty Shop,Wingtip Toys,Catalina Nechita,90317,1/1/2013 0:00,12/31/2099 23:59,62
1515,451,"Wingtip Toys (Smoot, WY)",Wingtip Toys (Head Office),Novelty Shop,Wingtip Toys,Aakriti Bhamidipati,90071,1/1/2013 0:00,12/31/2099 23:59,62
1516,453,"Wingtip Toys (Stanardsville, VA)",Wingtip Toys (Head Office),Novelty Shop,Wingtip Toys,Bryan Helms,90739,1/1/2013 0:00,12/31/2099 23:59,62
1517,454,"Wingtip Toys (Corcovado, PR)",Wingtip Toys (Head Office),Novelty Shop,Wingtip Toys,Harri Kask,90498,1/1/2013 0:00,12/31/2099 23:59,62
1518,455,"Wingtip Toys (Taft Heights, CA)",Wingtip Toys (Head Office),Novelty Shop,Wingtip Toys,Ilse Sandell,90304,1/1/2013 0:00,12/31/2099 23:59,62
1519,459,"Wingtip Toys (Haydenville, OH)",Wingtip Toys (Head Office),Novelty Shop,Wingtip Toys,Tobias Gruber,90519,1/1/2013 0:00,12/31/2099 23:59,62
1520,460,"Wingtip Toys (Mayhill, NM)",Wingtip Toys (Head Office),Novelty Shop,Wingtip Toys,Daniela Dumina,90741,1/1/2013 0:00,12/31/2099 23:59,62
1521,461,"Wingtip Toys (Vair, TX)",Wingtip Toys (Head Office),Novelty Shop,Wingtip Toys,Ganesh Mukherjee,90707,1/1/2013 0:00,12/31/2099 23:59,62
1522,462,"Wingtip Toys (Crossroads, NM)",Wingtip Toys (Head Office),Novelty Shop,Wingtip Toys,Avanti Nishad,90068,1/1/2013 0:00,12/31/2099 23:59,62
1523,463,"Wingtip Toys (Cowlington, OK)",Wingtip Toys (Head Office),Novelty Shop,Wingtip Toys,Daedeepya Thota,90524,1/1/2013 0:00,12/31/2099 23:59,62
1524,464,"Wingtip Toys (Glen Ullin, ND)",Wingtip Toys (Head Office),Novelty Shop,Wingtip Toys,Gabriela Chirila,90380,1/1/2013 0:00,12/31/2099 23:59,62
1525,465,"Wingtip Toys (Oologah, OK)",Wingtip Toys (Head Office),Novelty Shop,Wingtip Toys,Nagur Atluri,90439,1/1/2013 0:00,12/31/2099 23:59,62
1526,467,"Wingtip Toys (Mahaffey, PA)",Wingtip Toys (Head Office),Novelty Shop,Wingtip Toys,Pongrit Srisati,90361,1/1/2013 0:00,12/31/2099 23:59,62
1527,469,"Wingtip Toys (Johnetta, KY)",Wingtip Toys (Head Office),Novelty Shop,Wingtip Toys,Sarmis Skujins,90699,1/1/2013 0:00,12/31/2099 23:59,62
1528,472,"Wingtip Toys (San Jacinto, CA)",Wingtip Toys (Head Office),Novelty Shop,Wingtip Toys,Slavko Pavlovic,90017,1/1/2013 0:00,12/31/2099 23:59,62
1529,473,"Wingtip Toys (Floriston, CA)",Wingtip Toys (Head Office),Novelty Shop,Wingtip Toys,Doru Munteanu,90298,1/1/2013 0:00,12/31/2099 23:59,62
1530,474,"Wingtip Toys (Bokeelia, FL)",Wingtip Toys (Head Office),Novelty Shop,Wingtip Toys,Aile Aasmae,90757,1/1/2013 0:00,12/31/2099 23:59,62
1531,476,"Wingtip Toys (Karthaus, PA)",Wingtip Toys (Head Office),Novelty Shop,Wingtip Toys,Manali Bose,90362,1/1/2013 0:00,12/31/2099 23:59,62
1532,477,"Wingtip Toys (Glancy, MS)",Wingtip Toys (Head Office),Novelty Shop,Wingtip Toys,Astrid Poisson,90294,1/1/2013 0:00,12/31/2099 23:59,62
1533,478,"Wingtip Toys (Stoneboro, PA)",Wingtip Toys (Head Office),Novelty Shop,Wingtip Toys,Gi-Suk Heo,90542,1/1/2013 0:00,12/31/2099 23:59,62
1534,481,"Wingtip Toys (White Church, MO)",Wingtip Toys (Head Office),Novelty Shop,Wingtip Toys,Agrita Kalnina,90184,1/1/2013 0:00,12/31/2099 23:59,62
1535,482,"Wingtip Toys (Caton, NY)",Wingtip Toys (Head Office),Novelty Shop,Wingtip Toys,Ravindra Sandhu,90250,1/1/2013 0:00,12/31/2099 23:59,62
1536,483,"Wingtip Toys (Plum Branch, SC)",Wingtip Toys (Head Office),Novelty Shop,Wingtip Toys,Klara Rakus,90631,1/1/2013 0:00,12/31/2099 23:59,62
1537,486,"Wingtip Toys (Lowellville, OH)",Wingtip Toys (Head Office),Novelty Shop,Wingtip Toys,Dimitry Profis,90737,1/1/2013 0:00,12/31/2099 23:59,62
1538,488,"Wingtip Toys (Isabela, PR)",Wingtip Toys (Head Office),Novelty Shop,Wingtip Toys,Ranjit Dikshit,90320,1/1/2013 0:00,12/31/2099 23:59,62
1539,489,"Wingtip Toys (Sayner, WI)",Wingtip Toys (Head Office),Novelty Shop,Wingtip Toys,Varuna Ganguly,90541,1/1/2013 0:00,12/31/2099 23:59,62
1540,491,"Wingtip Toys (Morton Grove, IL)",Wingtip Toys (Head Office),Novelty Shop,Wingtip Toys,Doru Tirlea,90336,1/1/2013 0:00,12/31/2099 23:59,62
1541,492,"Wingtip Toys (Birds, IL)",Wingtip Toys (Head Office),Novelty Shop,Wingtip Toys,Jessica Perrine,90393,1/1/2013 0:00,12/31/2099 23:59,62
1542,495,"Wingtip Toys (Boalsburg, PA)",Wingtip Toys (Head Office),Novelty Shop,Wingtip Toys,Claude Bonsaint,90247,1/1/2013 0:00,12/31/2099 23:59,62
1543,496,"Wingtip Toys (Port Hueneme, CA)",Wingtip Toys (Head Office),Novelty Shop,Wingtip Toys,Roman Pajer,90726,1/1/2013 0:00,12/31/2099 23:59,62
1544,497,"Wingtip Toys (Verdery, SC)",Wingtip Toys (Head Office),Novelty Shop,Wingtip Toys,Vitezslav Holy,90108,1/1/2013 0:00,12/31/2099 23:59,62
1545,499,"Wingtip Toys (East Fultonham, OH)",Wingtip Toys (Head Office),Novelty Shop,Wingtip Toys,Masa Buecek,90032,1/1/2013 0:00,12/31/2099 23:59,62
1546,501,"Wingtip Toys (Cavendish, VT)",Wingtip Toys (Head Office),Novelty Shop,Wingtip Toys,Rahul Sarma,90672,1/1/2013 0:00,12/31/2099 23:59,62
1547,502,"Wingtip Toys (Miesville, MN)",Wingtip Toys (Head Office),Novelty Shop,Wingtip Toys,Alejandro Escobar,90728,1/1/2013 0:00,12/31/2099 23:59,62
1548,503,"Wingtip Toys (Valhalla, NC)",Wingtip Toys (Head Office),Novelty Shop,Wingtip Toys,Andris Vitols,90310,1/1/2013 0:00,12/31/2099 23:59,62
1549,505,"Wingtip Toys (Silver Plume, CO)",Wingtip Toys (Head Office),Novelty Shop,Wingtip Toys,Alain Pelland,90797,1/1/2013 0:00,12/31/2099 23:59,62
1550,509,"Wingtip Toys (Bergen Park, CO)",Wingtip Toys (Head Office),Novelty Shop,Wingtip Toys,Matej Formanek,90278,1/1/2013 0:00,12/31/2099 23:59,62
1551,510,"Wingtip Toys (Grabill, IN)",Wingtip Toys (Head Office),Novelty Shop,Wingtip Toys,Manish Ghosh,90032,1/1/2013 0:00,12/31/2099 23:59,62
1552,512,"Wingtip Toys (Philip, SD)",Wingtip Toys (Head Office),Novelty Shop,Wingtip Toys,Charline Flamand,90438,1/1/2013 0:00,12/31/2099 23:59,62
1553,513,"Wingtip Toys (Straughn, IN)",Wingtip Toys (Head Office),Novelty Shop,Wingtip Toys,Teodor Vlad,90771,1/1/2013 0:00,12/31/2099 23:59,62
1554,517,"Wingtip Toys (Licking, MO)",Wingtip Toys (Head Office),Novelty Shop,Wingtip Toys,Miika Putkonen,90280,1/1/2013 0:00,12/31/2099 23:59,62
1555,520,"Wingtip Toys (Frenchburg, KY)",Wingtip Toys (Head Office),Novelty Shop,Wingtip Toys,Helene Dupuy,90218,1/1/2013 0:00,12/31/2099 23:59,62
1556,521,"Wingtip Toys (Robertsdale, AL)",Wingtip Toys (Head Office),Novelty Shop,Wingtip Toys,omer ozbek,90580,1/1/2013 0:00,12/31/2099 23:59,62
1557,523,"Wingtip Toys (Bruceton Mills, WV)",Wingtip Toys (Head Office),Novelty Shop,Wingtip Toys,Ankolika Sen,90269,1/1/2013 0:00,12/31/2099 23:59,62
1558,524,"Wingtip Toys (Cloquet, MN)",Wingtip Toys (Head Office),Novelty Shop,Wingtip Toys,Baalaamani Veturi,90639,1/1/2013 0:00,12/31/2099 23:59,62
1559,525,"Wingtip Toys (Claycomo, MO)",Wingtip Toys (Head Office),Novelty Shop,Wingtip Toys,Julia Konecna,90501,1/1/2013 0:00,12/31/2099 23:59,62
1560,527,"Wingtip Toys (Islip Terrace, NY)",Wingtip Toys (Head Office),Novelty Shop,Wingtip Toys,Mario Jogi,90778,1/1/2013 0:00,12/31/2099 23:59,62
1561,528,"Wingtip Toys (Rich Creek, VA)",Wingtip Toys (Head Office),Novelty Shop,Wingtip Toys,Kaya ozbek,90588,1/1/2013 0:00,12/31/2099 23:59,62
1562,529,"Wingtip Toys (Griswoldville, GA)",Wingtip Toys (Head Office),Novelty Shop,Wingtip Toys,Seo-yeon Rim,90110,1/1/2013 0:00,12/31/2099 23:59,62
1563,531,"Wingtip Toys (Omer, MI)",Wingtip Toys (Head Office),Novelty Shop,Wingtip Toys,Javier Caraballo,90228,1/1/2013 0:00,12/31/2099 23:59,62
1564,534,"Wingtip Toys (Plaquemine, LA)",Wingtip Toys (Head Office),Novelty Shop,Wingtip Toys,Nishant Menon,90520,1/1/2013 0:00,12/31/2099 23:59,62
1565,535,"Wingtip Toys (Triadelphia, WV)",Wingtip Toys (Head Office),Novelty Shop,Wingtip Toys,Josef Benda,90747,1/1/2013 0:00,12/31/2099 23:59,62
1566,536,"Wingtip Toys (Ferney, SD)",Wingtip Toys (Head Office),Novelty Shop,Wingtip Toys,Teresa Bender,90461,1/1/2013 0:00,12/31/2099 23:59,62
1567,538,"Wingtip Toys (Deeson, MS)",Wingtip Toys (Head Office),Novelty Shop,Wingtip Toys,Madhavi Gupta,90338,1/1/2013 0:00,12/31/2099 23:59,62
1568,544,"Wingtip Toys (Broomtown, AL)",Wingtip Toys (Head Office),Novelty Shop,Wingtip Toys,Lalit Ogra,90717,1/1/2013 0:00,12/31/2099 23:59,62
1569,545,"Wingtip Toys (Jamison, IA)",Wingtip Toys (Head Office),Novelty Shop,Wingtip Toys,Mina Bagheri,90010,1/1/2013 0:00,12/31/2099 23:59,62
1570,546,"Wingtip Toys (Key Biscayne, FL)",Wingtip Toys (Head Office),Novelty Shop,Wingtip Toys,Debraj Sanyal,90085,1/1/2013 0:00,12/31/2099 23:59,62
1571,547,"Wingtip Toys (Chaseley, ND)",Wingtip Toys (Head Office),Novelty Shop,Wingtip Toys,Marco Costa,90066,1/1/2013 0:00,12/31/2099 23:59,62
1572,548,"Wingtip Toys (Indian Creek, IL)",Wingtip Toys (Head Office),Novelty Shop,Wingtip Toys,Crina Nechita,90610,1/1/2013 0:00,12/31/2099 23:59,62
1573,551,"Wingtip Toys (Huntingburg, IN)",Wingtip Toys (Head Office),Novelty Shop,Wingtip Toys,Parveen Haldar,90434,1/1/2013 0:00,12/31/2099 23:59,62
1574,553,"Wingtip Toys (Helotes, TX)",Wingtip Toys (Head Office),Novelty Shop,Wingtip Toys,Ilgonis Dzenis,90119,1/1/2013 0:00,12/31/2099 23:59,62
1575,554,"Wingtip Toys (Hollandsburg, IN)",Wingtip Toys (Head Office),Novelty Shop,Wingtip Toys,Ondrej Tomek,90683,1/1/2013 0:00,12/31/2099 23:59,62
1576,555,"Wingtip Toys (Liberty Grove, MD)",Wingtip Toys (Head Office),Novelty Shop,Wingtip Toys,Mohini Kaul,90204,1/1/2013 0:00,12/31/2099 23:59,62
1577,556,"Wingtip Toys (Morita, TX)",Wingtip Toys (Head Office),Novelty Shop,Wingtip Toys,Arnab Malakar,90222,1/1/2013 0:00,12/31/2099 23:59,62
1578,557,"Wingtip Toys (New Laguna, NM)",Wingtip Toys (Head Office),Novelty Shop,Wingtip Toys,Mary Barney,90761,1/1/2013 0:00,12/31/2099 23:59,62
1579,559,"Wingtip Toys (Mendoza, TX)",Wingtip Toys (Head Office),Novelty Shop,Wingtip Toys,Paola Greece,90420,1/1/2013 0:00,12/31/2099 23:59,62
1580,561,"Wingtip Toys (Marion Junction, AL)",Wingtip Toys (Head Office),Novelty Shop,Wingtip Toys,Nguyet Bach,90078,1/1/2013 0:00,12/31/2099 23:59,62
1581,562,"Wingtip Toys (Ware Shoals, SC)",Wingtip Toys (Head Office),Novelty Shop,Wingtip Toys,Jyoti Karnik,90181,1/1/2013 0:00,12/31/2099 23:59,62
1582,563,"Wingtip Toys (Lostine, OR)",Wingtip Toys (Head Office),Novelty Shop,Wingtip Toys,Samuel Almaraz,90287,1/1/2013 0:00,12/31/2099 23:59,62
1583,564,"Wingtip Toys (Tilleda, WI)",Wingtip Toys (Head Office),Novelty Shop,Wingtip Toys,Zuzana Kuchtova,90240,1/1/2013 0:00,12/31/2099 23:59,62
1584,566,"Wingtip Toys (Amado, AZ)",Wingtip Toys (Head Office),Novelty Shop,Wingtip Toys,Corneliu Vladu,90107,1/1/2013 0:00,12/31/2099 23:59,62
1585,567,"Wingtip Toys (Jeromesville, OH)",Wingtip Toys (Head Office),Novelty Shop,Wingtip Toys,Severins Polis,90184,1/1/2013 0:00,12/31/2099 23:59,62
1586,568,"Wingtip Toys (Ovilla, TX)",Wingtip Toys (Head Office),Novelty Shop,Wingtip Toys,Linda Ledezma,90683,1/1/2013 0:00,12/31/2099 23:59,62
1587,569,"Wingtip Toys (West Frostproof, FL)",Wingtip Toys (Head Office),Novelty Shop,Wingtip Toys,Halit Gunes,90126,1/1/2013 0:00,12/31/2099 23:59,62
1588,570,"Wingtip Toys (Flomaton, AL)",Wingtip Toys (Head Office),Novelty Shop,Wingtip Toys,Vallo Vesik,90134,1/1/2013 0:00,12/31/2099 23:59,62
1589,572,"Wingtip Toys (Trout Run, PA)",Wingtip Toys (Head Office),Novelty Shop,Wingtip Toys,Ema Slosar,90257,1/1/2013 0:00,12/31/2099 23:59,62
1590,574,"Wingtip Toys (Molalla, OR)",Wingtip Toys (Head Office),Novelty Shop,Wingtip Toys,Monika Valentova,90761,1/1/2013 0:00,12/31/2099 23:59,62
1591,577,"Wingtip Toys (Cherryplain, NY)",Wingtip Toys (Head Office),Novelty Shop,Wingtip Toys,Taner YÄ±lmaz,90779,1/1/2013 0:00,12/31/2099 23:59,62
1592,578,"Wingtip Toys (Bell Acres, PA)",Wingtip Toys (Head Office),Novelty Shop,Wingtip Toys,Abhra Thakur,90526,1/1/2013 0:00,12/31/2099 23:59,62
1593,581,"Wingtip Toys (Munich, ND)",Wingtip Toys (Head Office),Novelty Shop,Wingtip Toys,Youssef Eriksson,90334,1/1/2013 0:00,12/31/2099 23:59,62
1594,582,"Wingtip Toys (Montoya, NM)",Wingtip Toys (Head Office),Novelty Shop,Wingtip Toys,Pavel Bohuslav,90683,1/1/2013 0:00,12/31/2099 23:59,62
1595,583,"Wingtip Toys (Knights Landing, CA)",Wingtip Toys (Head Office),Novelty Shop,Wingtip Toys,Jiri Vacha,90400,1/1/2013 0:00,12/31/2099 23:59,62
1596,584,"Wingtip Toys (Cache, OK)",Wingtip Toys (Head Office),Novelty Shop,Wingtip Toys,Magdalena Cervenkova,90770,1/1/2013 0:00,12/31/2099 23:59,62
1597,585,"Wingtip Toys (Towaco, NJ)",Wingtip Toys (Head Office),Novelty Shop,Wingtip Toys,Asha Mudigonda,90406,1/1/2013 0:00,12/31/2099 23:59,62
1598,586,"Wingtip Toys (Lynne, FL)",Wingtip Toys (Head Office),Novelty Shop,Wingtip Toys,Anete Kundzina,90009,1/1/2013 0:00,12/31/2099 23:59,62
1599,588,"Wingtip Toys (Oak Point, TX)",Wingtip Toys (Head Office),Novelty Shop,Wingtip Toys,Duangrat Atitarn,90380,1/1/2013 0:00,12/31/2099 23:59,62
1600,590,"Wingtip Toys (McAdenville, NC)",Wingtip Toys (Head Office),Novelty Shop,Wingtip Toys,Aija Lukstina,90644,1/1/2013 0:00,12/31/2099 23:59,62
1601,592,"Wingtip Toys (Dunkerton, IA)",Wingtip Toys (Head Office),Novelty Shop,Wingtip Toys,Bhairaam Kidambi,90141,1/1/2013 0:00,12/31/2099 23:59,62
1602,593,"Wingtip Toys (Cuyamungue, NM)",Wingtip Toys (Head Office),Novelty Shop,Wingtip Toys,Jae-Hwa Shin,90540,1/1/2013 0:00,12/31/2099 23:59,62
1603,594,"Wingtip Toys (Marfa, TX)",Wingtip Toys (Head Office),Novelty Shop,Wingtip Toys,Caterina Fallaci,90235,1/1/2013 0:00,12/31/2099 23:59,62
1604,595,"Wingtip Toys (Accomac, VA)",Wingtip Toys (Head Office),Novelty Shop,Wingtip Toys,Baanuraekha Voleti,90378,1/1/2013 0:00,12/31/2099 23:59,62
1605,596,"Wingtip Toys (Cos Cob, CT)",Wingtip Toys (Head Office),Novelty Shop,Wingtip Toys,Ranjeet Haldar,90675,1/1/2013 0:00,12/31/2099 23:59,62
1606,597,"Wingtip Toys (Haycock, AK)",Wingtip Toys (Head Office),Novelty Shop,Wingtip Toys,Bhaamini Kanaparthi,90603,1/1/2013 0:00,12/31/2099 23:59,62
1607,598,"Wingtip Toys (Kapa'a, HI)",Wingtip Toys (Head Office),Novelty Shop,Wingtip Toys,Margit Molnar,90796,1/1/2013 0:00,12/31/2099 23:59,62
1608,601,"Wingtip Toys (Ruthsburg, MD)",Wingtip Toys (Head Office),Novelty Shop,Wingtip Toys,Telma Hermansson,90451,1/1/2013 0:00,12/31/2099 23:59,62
